CP,farmacias
20000.0,26
20180.0,23
20010.0,16
20059.0,14
20270.0,9
20020.0,8
20078.0,7
20130.0,7
20190.0,7
20060.0,7
20170.0,6
20280.0,6
2200007700.0,6
20287.0,5
20900.0,5
20230.0,5
20120.0,5
20240.0,5
20050.0,4
20261.0,4
20169.0,4
20197.0,4
20070.0,4
20030.0,4
20179.0,4
20206.0,3
20126.0,3
20330.0,3
20343.0,3
20340.0,3
20344.0,3
20320.0,3
20909.0,3
20300.0,2
20323.0,2
20346.0,2
20980.0,2
20326.0,2
20332.0,2
20339.0,2
20970.0,2
20290.0,2
20110.0,2
20234.0,2
2200223355.0,2
20199.0,2
20127.0,2
20367.0,2
20080.0,2
20133.0,2
20277.0,2
20260.0,2
20640.0,2
20235.0,1
20266.0,1
20200.0,1
20029.0,1
20174.0,1
20119.0,1
20129.0,1
2200000000.0,1
20298.0,1
20196.0,1
20310.0,1
20116.0,1
20299.0,1
20925.0,1
20286.0,1
20100.0,1
20289.0,1
20040.0,1
20237.0,1
2200008800.0,1
20115.0,1
20250.0,1
20137.0,1
20205.0,1
20303.0,1
20285.0,1
20408.0,1
20400.0,1
20660.0,1
20600.0,1
20720.0,1
20460.0,1
20470.0,1
20665.0,1
20500.0,1
20540.0,1
20410.0,1
2200771122.0,1
20712.0,1
20722.0,1
20790.0,1
20794.0,1
20795.0,1
20700.0,1
20730.0,1
20742.0,1
20630.0,1
20677.0,1
29472.0,1
20437.0,1
20424.0,1
20800.0,1
20860.0,1
20830.0,1
20809.0,1
20807.0,1
20834.0,1
20805.0,1
20839.0,1
20961.0,1
2200880000.0,1
20263.0,1
20239.0,1
20198.0,1
20278.0,1
20673.0,1
20249.0,1
202108.0,1
21350.0,38
21280.0,20
21270.0,16
21850.0,13
21100.0,12
21399.0,8
21190.0,8
21370.0,7
21000.0,7
21397.0,6
21360.0,6
21970.0,6
21290.0,5
21160.0,5
21254.0,5
21180.0,5
21030.0,4
21050.0,4
21330.0,4
21240.0,4
21395.0,4
21137.0,4
21040.0,4
21120.0,3
21010.0,3
21735.0,3
21110.0,3
21070.0,3
21020.0,3
21620.0,3
21966.0,3
21130.0,3
21600.0,3
21376.0,3
21.0,3
2121130.0,2
21379.0,2
21900.0,2
21960.0,2
21259.0,2
21139.0,2
21200.0,2
21354.0,2
21230.0,2
21250.0,2
21185.0,2
21140.0,2
21705.0,2
21720.0,2
21374.0,2
21170.0,2
21800.0,2
21394.0,2
21219.0,2
21197.0,2
21210.0,2
21260.0,1
21327.0,1
22320.0,1
22010.0,1
22000.0,1
22800.0,1
22226.0,1
92010.0,1
22245.0,1
22115.0,1
22246.0,1
22654.0,1
22216.0,1
22500.0,1
22660.0,1
22640.0,1
22106.0,1
22629.0,1
22180.0,1
22150.0,1
22606.0,1
22105.0,1
22415.0,1
224554.0,1
22215.0,1
22207.0,1
22710.0,1
22127.0,1
22200.0,1
22123.0,1
22014.0,1
22643.0,1
22195.0,1
22165.0,1
22015.0,1
22190.0,1
22045.0,1
22510.0,1
22390.0,1
22236.0,1
22230.0,1
22046.0,1
21400.0,1
22100.0,1
22785.0,1
22880.0,1
22930.0,1
22790.0,1
22940.0,1
22870.0,1
22875.0,1
24020.0,1
24600.0,1
24180.0,1
24000.0,1
24400.0,1
24085.0,1
24035.0,1
24050.0,1
24170.0,1
29370.0,55
30600.0,31
30190.0,17
30370.0,13
30385.0,12
30450.0,12
29130.0,10
29770.0,8
30890.0,8
30400.0,8
30140.0,8
30000.0,7
30069.0,7
30029.0,7
30019.0,7
30098.0,7
30020.0,6
30060.0,6
30028.0,6
30068.0,6
30077.0,6
29850.0,5
29201.0,5
29320.0,4
29160.0,4
29640.0,4
29940.0,4
30670.0,4
30640.0,4
29510.0,3
29860.0,3
30560.0,3
30180.0,3
30185.0,3
30187.0,3
30900.0,3
29030.0,3
29950.0,3
29140.0,3
39550.0,3
29960.0,3
29520.0,2
30540.0,2
30620.0,2
29750.0,2
29500.0,2
30354.0,2
29900.0,2
29000.0,2
29200.0,2
29240.0,2
29280.0,2
29264.0,2
29270.0,2
29040.0,2
29260.0,2
29250.0,2
29220.0,2
29821.0,2
30840.0,2
30700.0,2
30830.0,1
30790.0,1
33830.0,1
30796.0,1
30797.0,1
30730.0,1
30780.0,1
38680.0,1
29602.0,1
29410.0,1
29910.0,1
30500.0,1
30160.0,1
29060.0,1
29110.0,1
29080.0,1
29020.0,1
29090.0,1
2900.0,1
29070.0,1
29010.0,1
29050.0,1
29071.0,1
29066.0,1
29047.0,1
29057.0,1
29045.0,1
29087.0,1
29100.0,1
29034.0,1
29077.0,1
29059.0,1
29096.0,1
30870.0,1
30200.0,1
30520.0,1
30529.0,1
30525.0,1
30533.0,1
30475.0,1
30470.0,1
30479.0,1
29930.0,1
29350.0,1
28120.0,30
28000.0,13
28750.0,10
28010.0,8
28219.0,8
28864.0,7
28230.0,6
28060.0,6
28600.0,6
28500.0,4
28860.0,4
28867.0,4
28200.0,3
28935.0,3
28700.0,3
28100.0,3
28300.0,3
28030.0,3
28510.0,2
28134.0,2
28870.0,2
28130.0,2
28988.0,2
28987.0,2
28016.0,2
28970.0,2
28040.0,2
28869.0,2
28180.0,2
28017.0,1
28018.0,1
28979.0,1
28973.0,1
28070.0,1
28984.0,1
28974.0,1
28047.0,1
28218.0,1
28450.0,1
28978.0,1
28014.0,1
28019.0,1
28210.0,1
28048.0,1
29883.0,1
28610.0,1
28079.0,1
28078.0,1
28983.0,1
28050.0,1
28110.0,1
28085.0,1
28150.0,1
34130.0,168
34000.0,15
34166.0,13
34170.0,13
34234.0,12
34188.0,12
34373.0,12
34010.0,12
34290.0,11
34076.0,11
34150.0,11
34160.0,10
34229.0,10
34190.0,9
34270.0,9
34100.0,9
34304.0,9
34194.0,9
34164.0,8
34030.0,8
34167.0,8
34236.0,8
34227.0,8
34280.0,8
34220.0,7
34206.0,7
34210.0,7
34127.0,7
34200.0,7
34128.0,7
34090.0,6
34020.0,6
34120.0,6
34070.0,6
34180.0,6
34183.0,5
34138.0,5
34139.0,5
34129.0,5
34175.0,5
34279.0,5
34140.0,5
34310.0,4
34080.0,4
34135.0,4
34060.0,4
34300.0,4
34126.0,4
34250.0,4
34091.0,4
34050.0,4
340162.0,4
34019.0,3
34187.0,3
34343.0,3
34065.0,3
34728.0,3
34162.0,3
34049.0,3
34285.0,3
340304.0,3
34137.0,3
34268.0,2
34970.0,2
34260.0,2
34110.0,2
34027.0,2
35761.0,2
34159.0,2
34224.0,2
35381.0,2
35690.0,2
34800.0,2
27010.0,2
34480.0,2
34208.0,2
34670.0,2
34105.0,2
34219.0,2
34039.0,2
34287.0,2
34420.0,2
34165.0,2
35800.0,2
35200.0,2
35600.0,2
35290.0,2
35703.0,2
34700.0,2
34222.0,2
34770.0,2
34570.0,2
34116.0,2
34740.0,2
341116.0,1
35168.0,1
34199.0,1
34204.0,1
34145.0,1
34147.0,1
34890.0,1
34286.0,1
34940.0,1
34237.0,1
35101.0,1
34225.0,1
34621.0,1
34284.0,1
34240.0,1
34205.0,1
34690.0,1
34043.0,1
35000.0,1
34600.0,1
34330.0,1
34950.0,1
34840.0,1
34450.0,1
34223.0,1
34463.0,1
34168.0,1
34780.0,1
35076.0,1
35812.0,1
34040.0,1
34299.0,1
34465.0,1
35860.0,1
35150.0,1
34113.0,1
35010.0,1
34169.0,1
34637.0,1
34790.0,1
34197.0,1
34058.0,1
34893.0,1
34324.0,1
34630.0,1
34017.0,1
34074.0,1
34046.0,1
34635.0,1
35090.0,1
35710.0,1
34348.0,1
35178.0,1
34217.0,1
35805.0,1
34320.0,1
35400.0,1
34144.0,1
34409.0,1
35070.0,1
34047.0,1
35700.0,1
34189.0,1
34942.0,1
38700.0,63
36970.0,42
38600.0,40
37700.0,36
37645.0,35
38500.0,35
38190.0,34
38360.0,32
38050.0,31
38060.0,30
38000.0,29
38150.0,29
38020.0,27
38010.0,26
38130.0,25
38085.0,25
36470.0,24
38200.0,23
38300.0,22
38320.0,21
38470.0,20
36960.0,20
36990.0,18
36690.0,17
36670.0,16
36650.0,15
36660.0,14
36545.0,14
36600.0,14
36570.0,13
36500.0,13
36580.0,13
36530.0,12
36557.0,12
36520.0,12
36597.0,12
36000.0,12
37210.0,11
37330.0,11
37234.0,10
37294.0,10
37340.0,9
37060.0,9
37258.0,9
37260.0,9
37797.0,9
37290.0,8
37400.0,8
37520.0,8
37179.0,8
37530.0,8
37430.0,7
37320.0,7
37360.0,7
37160.0,6
37479.0,6
37200.0,6
38800.0,6
36900.0,6
36200.0,6
36743.0,6
36764.0,6
36881.0,6
36250.0,5
36890.0,5
36300.0,5
37900.0,5
37911.0,5
38240.0,5
36275.0,5
36100.0,5
38713.0,5
38400.0,4
38260.0,4
38940.0,4
36790.0,4
36360.0,4
36981.0,4
369700.0,4
38750.0,4
37000.0,4
37745.0,4
37765.0,4
37748.0,4
37790.0,4
37730.0,3
38530.0,3
38511.0,3
38510.0,3
38512.0,3
38160.0,3
38092.0,3
38192.0,3
38180.0,3
38161.0,3
37940.0,3
38040.0,3
38070.0,3
38090.0,3
38030.0,3
38100.0,3
38022.0,3
38034.0,3
38080.0,3
38057.0,3
38098.0,3
38115.0,3
38145.0,3
38102.0,3
38120.0,3
38146.0,3
37470.0,2
38214.0,2
38211.0,2
38220.0,2
38210.0,2
38590.0,2
38315.0,2
38359.0,2
38480.0,2
38482.0,2
38485.0,2
38362.0,2
37960.0,2
37980.0,2
36550.0,2
36540.0,2
36510.0,2
36640.0,2
36559.0,2
36560.0,2
36657.0,2
36576.0,2
36630.0,2
36698.0,2
36615.0,2
36620.0,2
36568.0,2
36827.0,2
36631.0,2
36566.0,2
36821.0,2
36612.0,2
36513.0,2
36584.0,2
38540.0,2
37380.0,2
37149.0,2
37150.0,2
37204.0,2
37557.0,2
37280.0,2
37410.0,2
37510.0,2
38820.0,2
36910.0,2
36897.0,2
36400.0,2
36700.0,2
36749.0,2
26740.0,2
36740.0,2
36780.0,1
36730.0,1
36747.0,1
36870.0,1
36720.0,1
36793.0,1
38900.0,1
36370.0,1
36446.0,1
36379.0,1
37890.0,1
37950.0,1
38970.0,1
36135.0,1
38790.0,1
37800.0,1
38710.0,1
38720.0,1
37970.0,1
38980.0,1
38420.0,1
37920.0,1
38271.0,1
37930.0,1
37545.0,1
38961.0,1
38941.0,1
38950.0,1
37630.0,1
37408.0,1
37549.0,1
37370.0,1
37020.0,1
37600.0,1
38933.0,1
38742.0,1
37235.0,1
37446.0,1
37500.0,1
38024.0,1
36626.0,1
37480.0,1
36546.0,1
37278.0,1
37125.0,1
37100.0,1
37358.0,1
37426.0,1
38096.0,1
38345.0,1
37572.0,1
37178.0,1
37390.0,1
37353.0,1
36786.0,1
36770.0,1
37675.0,1
38620.0,1
36820.0,1
37297.0,1
363360.0,1
37270.0,1
36813.0,1
36814.0,1
36807.0,1
38140.0,1
36310.0,1
37295.0,1
38612.0,1
36724.0,1
37296.0,1
37134.0,1
37140.0,1
38930.0,1
37299.0,1
37665.0,1
38078.0,1
37168.0,1
37109.0,1
3660.0,1
36590.0,1
36750.0,1
37238.0,1
27150.0,1
37672.0,1
37636.0,1
37255.0,1
37254.0,1
37239.0,1
37660.0,1
38792.0,1
38117.0,1
36020.0,1
37460.0,1
36404.0,1
37190.0,1
37129.0,1
38774.0,1
37544.0,1
37319.0,1
36130.0,1
37538.0,1
36262.0,1
38079.0,1
38680.0,1
37207.0,1
36822.0,1
36040.0,1
38088.0,1
36880.0,1
38201.0,1
38678.0,1
36342.0,1
37148.0,1
37355.0,1
37850.0,1
36921.0,1
37775.0,1
37803.0,1
36583.0,1
38068.0,1
37220.0,1
38016.0,1
37457.0,1
36526.0,1
38110.0,1
36588.0,1
58290.0,82
58920.0,64
58790.0,52
98840.0,49
58840.0,48
58130.0,40
61300.0,34
58560.0,32
58860.0,31
58821.0,31
58820.0,28
58907.0,28
58970.0,27
61250.0,27
58020.0,25
61520.0,24
58260.0,22
58120.0,22
58060.0,22
58070.0,20
58140.0,19
58000.0,18
58010.0,18
58040.0,18
58228.0,17
58116.0,17
58220.0,17
58150.0,16
58160.0,16
58170.0,15
58320.0,15
58110.0,15
58075.0,14
58230.0,13
58502.0,13
58148.0,12
58280.0,12
58122.0,12
58240.0,12
58057.0,12
58090.0,11
58270.0,11
58147.0,11
58180.0,10
58342.0,10
58100.0,10
58050.0,10
58255.0,10
58210.0,10
58279.0,10
58331.0,10
58197.0,9
58190.0,9
58114.0,9
58500.0,9
58089.0,9
58341.0,9
58337.0,8
58300.0,8
58117.0,8
58118.0,8
58095.0,8
58188.0,8
58249.0,7
58149.0,7
58178.0,7
58088.0,7
58218.0,7
58257.0,7
58198.0,7
58096.0,7
58295.0,7
58080.0,7
58250.0,6
58258.0,6
58837.0,6
58330.0,6
58297.0,6
58236.0,6
58332.0,6
58111.0,6
58350.0,6
58195.0,6
58241.0,6
58217.0,6
58880.0,6
58093.0,6
58277.0,6
58115.0,5
58229.0,5
58087.0,5
58200.0,5
58098.0,5
58338.0,5
58980.0,5
58900.0,5
58890.0,5
58962.0,5
58930.0,5
58863.0,5
58950.0,5
58936.0,5
58935.0,5
58943.0,5
59940.0,5
59580.0,5
59780.0,4
59790.0,4
59760.0,4
59730.0,4
59280.0,4
44200.0,4
59890.0,4
59800.0,4
59820.0,4
59620.0,4
59813.0,4
59850.0,4
59840.0,4
59853.0,4
59510.0,4
59570.0,4
59551.0,4
59500.0,4
59190.0,3
59180.0,3
58760.0,3
58780.0,3
58670.0,3
58762.0,3
59140.0,3
59000.0,3
59090.0,3
59015.0,3
59920.0,3
59750.0,3
597450.0,3
59980.0,3
58600.0,3
59961.0,3
59960.0,3
59160.0,3
59550.0,3
59200.0,3
59690.0,3
59600.0,3
59670.0,3
59660.0,3
59680.0,3
59610.0,3
56600.0,3
59588.0,3
59674.0,3
59650.0,2
59630.0,2
59699.0,2
596000.0,2
59640.0,2
59688.0,2
59724.0,2
59638.0,2
59701.0,2
59720.0,2
59689.0,2
59691.0,2
59634.0,2
59624.0,2
61410.0,2
61020.0,2
61000.0,2
58482.0,2
61100.0,2
61180.0,2
61120.0,2
61140.0,2
61177.0,2
61149.0,2
61220.0,2
61201.0,2
61166.0,2
61101.0,2
61940.0,2
60780.0,2
61570.0,2
61470.0,2
61450.0,2
61980.0,2
61290.0,2
61060.0,2
61420.0,2
61540.0,2
61501.0,2
61500.0,2
61513.0,2
61504.0,2
61506.0,2
61503.0,2
61514.0,2
61611.0,2
61511.0,2
58460.0,2
61830.0,2
61800.0,2
61630.0,2
58400.0,2
58360.0,2
61640.0,1
58784.0,1
58450.0,1
58480.0,1
61900.0,1
58570.0,1
61620.0,1
61600.0,1
61615.0,1
61601.0,1
58420.0,1
57420.0,1
61650.0,1
61651.0,1
61653.0,1
61682.0,1
58730.0,1
58660.0,1
60270.0,1
58680.0,1
60240.0,1
60271.0,1
60272.0,1
61730.0,1
57730.0,1
60250.0,1
60280.0,1
60490.0,1
61750.0,1
60440.0,1
60444.0,1
60300.0,1
60350.0,1
60432.0,1
60340.0,1
60330.0,1
60460.0,1
61710.0,1
60290.0,1
60130.0,1
60080.0,1
60180.0,1
60160.0,1
60000.0,1
60020.0,1
60090.0,1
60140.0,1
60050.0,1
60190.0,1
60070.0,1
60120.0,1
60128.0,1
60110.0,1
60150.0,1
60030.0,1
60040.0,1
60133.0,1
60157.0,1
60220.0,1
60154.0,1
60155.0,1
60125.0,1
60135.0,1
60650.0,1
60200.0,1
59300.0,1
58550.0,1
59440.0,1
58800.0,1
59430.0,1
59470.0,1
59330.0,1
59350.0,1
59389.0,1
59310.0,1
59380.0,1
59830.0,1
59377.0,1
59374.0,1
58801.0,1
59337.0,1
50500.0,1
58513.0,1
58202.0,1
58530.0,1
58501.0,1
59230.0,1
58740.0,1
59250.0,1
59460.0,1
58540.0,1
58543.0,1
60570.0,1
60580.0,1
60600.0,1
60630.0,1
60710.0,1
60610.0,1
60640.0,1
60670.0,1
60660.0,1
60680.0,1
60619.0,1
60678.0,1
60698.0,1
60683.0,1
60620.0,1
60685.0,1
60693.0,1
60531.0,1
60500.0,1
60530.0,1
60521.0,1
60841.0,1
60840.0,1
61880.0,1
61853.0,1
61850.0,1
61860.0,1
61760.0,1
60760.0,1
61700.0,1
61761.0,1
60781.0,1
60540.0,1
60870.0,1
60920.0,1
60940.0,1
69920.0,1
60922.0,1
60800.0,1
60970.0,1
60990.0,1
60980.0,1
60950.0,1
60954.0,1
60994.0,1
60955.0,1
60982.0,1
60951.0,1
60958.0,1
28101.0,1
60900.0,1
62440.0,28
62300.0,23
62130.0,20
62340.0,17
62448.0,17
62190.0,12
62000.0,12
62390.0,11
62210.0,9
62450.0,9
62070.0,9
62250.0,9
62460.0,8
62370.0,8
62420.0,8
62240.0,7
62490.0,7
62270.0,7
62230.0,6
62670.0,6
62040.0,6
62400.0,6
62220.0,5
62100.0,5
62350.0,5
62170.0,5
62388.0,5
62290.0,5
62760.0,5
62767.0,5
62560.0,5
62550.0,5
62571.0,5
62578.0,5
62570.0,4
62610.0,4
62600.0,4
62320.0,4
62590.0,4
62580.0,4
62589.0,4
62520.0,4
62620.0,4
62790.0,4
62577.0,4
62260.0,3
62430.0,3
62159.0,3
62050.0,3
62384.0,3
62446.0,3
62386.0,3
62630.0,3
62592.0,2
62795.0,2
62410.0,2
6236.0,2
62360.0,2
62239.0,2
62640.0,2
62900.0,2
62910.0,2
62660.0,2
62680.0,2
62770.0,2
62980.0,2
62780.0,2
62950.0,2
62700.0,2
62725.0,2
62757.0,2
62740.0,1
62749.0,1
62744.0,1
62742.0,1
62746.0,1
62748.0,1
62743.0,1
62751.0,1
62970.0,1
62930.0,1
62920.0,1
62800.0,1
62736.0,1
62738.0,1
62730.0,1
62731.0,1
62733.0,1
62735.0,1
62840.0,1
16950.0,1
62709.0,1
62723.0,1
62718.0,1
62719.0,1
62710.0,1
62750.0,1
62972.0,1
62850.0,1
62853.0,1
62870.0,1
62925.0,1
62540.0,1
62830.0,1
62739.0,1
62820.0,1
62895.0,1
62890.0,1
62720.0,1
62614.0,1
62765.0,1
62510.0,1
62500.0,1
62664.0,1
62595.0,1
62587.0,1
62599.0,1
70760.0,14
68050.0,11
68000.0,6
70000.0,6
70600.0,5
70300.0,5
68200.0,4
71200.0,4
70110.0,4
68040.0,3
71985.0,3
71246.0,3
71606.0,3
71256.0,3
71605.0,2
68213.0,2
69800.0,2
68540.0,2
71607.0,2
70613.0,2
68420.0,2
71984.0,2
69000.0,2
68400.0,2
68370.0,2
69006.0,2
68340.0,2
68300.0,2
68422.0,2
68090.0,2
68470.0,2
68380.0,2
70050.0,2
71228.0,2
70900.0,2
68250.0,1
68301.0,1
70215.0,1
70980.0,1
70989.0,1
69007.0,1
70430.0,1
71900.0,1
70403.0,1
7000.0,1
68320.0,1
71248.0,1
68036.0,1
69700.0,1
70180.0,1
68725.0,1
71410.0,1
70805.0,1
70440.0,1
71510.0,1
68039.0,1
71150.0,1
69600.0,1
71006.0,1
68375.0,1
71600.0,1
71270.0,1
68010.0,1
68130.0,1
71230.0,1
70701.0,1
71050.0,1
70420.0,1
68080.0,1
71100.0,1
69100.0,1
70531.0,1
71000.0,1
68800.0,1
70800.0,1
71257.0,1
68274.0,1
68480.0,1
68430.0,1
71380.0,1
71390.0,1
68600.0,1
71280.0,1
71964.0,1
71980.0,1
71260.0,1
71830.0,1
70770.0,1
68360.0,1
68313.0,1
70380.0,1
70690.0,1
72500.0,84
73900.0,48
72090.0,47
72140.0,47
75160.0,43
73310.0,40
72380.0,36
73780.0,32
73160.0,31
73800.0,28
75700.0,28
75480.0,27
75775.0,27
74940.0,27
72000.0,26
74200.0,25
74730.0,24
73760.0,23
75760.0,23
74260.0,22
75650.0,22
72320.0,22
72250.0,21
72670.0,18
74060.0,18
72050.0,17
73640.0,17
72920.0,15
72280.0,15
74000.0,15
75410.0,15
72210.0,14
72230.0,14
72310.0,14
74250.0,13
75100.0,13
72410.0,13
72760.0,13
72530.0,13
72450.0,12
74900.0,12
73040.0,12
72197.0,11
74400.0,11
72340.0,11
75960.0,11
73965.0,11
74050.0,10
75290.0,10
72980.0,10
74360.0,10
75118.0,10
72960.0,10
72314.0,10
72220.0,9
72030.0,9
72130.0,9
72100.0,9
74129.0,9
72660.0,9
75430.0,9
72600.0,8
72270.0,8
74170.0,8
73880.0,8
75200.0,8
72160.0,8
75520.0,8
75617.0,8
74120.0,8
72940.0,8
74160.0,8
75780.0,8
72730.0,7
72620.0,7
74450.0,7
72700.0,7
75770.0,7
74790.0,7
73889.0,7
73090.0,7
75857.0,6
74577.0,6
75150.0,6
73580.0,6
73700.0,6
72990.0,6
74325.0,6
72440.0,6
74690.0,6
74580.0,6
73100.0,6
74169.0,5
75219.0,5
74130.0,5
75500.0,5
74150.0,5
75740.0,5
75653.0,5
72420.0,5
74220.0,5
74042.0,5
72040.0,4
73680.0,4
73940.0,4
75040.0,4
73950.0,4
75620.0,4
72400.0,4
72019.0,4
72300.0,4
74583.0,4
74021.0,4
73970.0,4
72570.0,4
73220.0,4
75750.0,4
73300.0,4
75610.0,4
72240.0,4
72830.0,4
75510.0,4
75630.0,4
72560.0,4
74860.0,3
74650.0,3
72565.0,3
75853.0,3
72624.0,3
73560.0,3
7270.0,3
72080.0,3
72580.0,3
75730.0,3
72200.0,3
74110.0,3
72029.0,3
75580.0,3
74720.0,3
72497.0,3
75980.0,3
73000.0,3
75000.0,3
74135.0,3
73080.0,3
73200.0,3
75110.0,3
75167.0,3
75440.0,3
74840.0,3
74280.0,3
72260.0,2
74960.0,2
75020.0,2
74340.0,2
72750.0,2
72550.0,2
72490.0,2
75950.0,2
74735.0,2
72430.0,2
75240.0,2
72350.0,2
72150.0,2
75482.0,2
75880.0,2
74300.0,2
73380.0,2
73330.0,2
75050.0,2
75680.0,2
72190.0,2
72480.0,2
73600.0,2
74880.0,2
75180.0,2
72640.0,2
74190.0,2
72520.0,2
74100.0,2
75784.0,2
74375.0,2
75910.0,2
72120.0,2
74380.0,2
74710.0,2
74460.0,2
73510.0,2
72290.0,2
75114.0,2
72470.0,2
74800.0,2
72487.0,2
74290.0,2
72425.0,2
72110.0,2
72370.0,2
75140.0,2
72010.0,2
72180.0,2
75400.0,2
72495.0,2
73470.0,2
72593.0,2
75460.0,2
72070.0,2
72540.0,2
75790.0,2
72170.0,2
72590.0,2
75560.0,2
73890.0,2
74167.0,2
74870.0,2
73720.0,2
74270.0,2
75720.0,1
72810.0,1
75930.0,1
74365.0,1
74694.0,1
74570.0,1
73910.0,1
75380.0,1
72060.0,1
72573.0,1
74881.0,1
74970.0,1
75116.0,1
71160.0,1
72014.0,1
74239.0,1
73570.0,1
75689.0,1
74630.0,1
73316.0,1
72824.0,1
73870.0,1
72770.0,1
73176.0,1
75685.0,1
74890.0,1
72089.0,1
72588.0,1
74440.0,1
73816.0,1
72474.0,1
72576.0,1
72501.0,1
75940.0,1
74240.0,1
73029.0,1
72309.0,1
72390.0,1
73980.0,1
72845.0,1
72017.0,1
72840.0,1
75855.0,1
74949.0,1
75731.0,1
72460.0,1
72303.0,1
72514.0,1
72595.0,1
74401.0,1
72431.0,1
72116.0,1
73440.0,1
74080.0,1
74020.0,1
75764.0,1
72534.0,1
72764.0,1
72589.0,1
72424.0,1
75768.0,1
72016.0,1
72406.0,1
74088.0,1
75080.0,1
73784.0,1
72680.0,1
72583.0,1
75515.0,1
73500.0,1
72020.0,1
75701.0,1
72498.0,1
75010.0,1
73820.0,1
75550.0,1
72377.0,1
72765.0,1
72820.0,1
74125.0,1
75170.0,1
74099.0,1
72023.0,1
72900.0,1
73177.0,1
0.0,1
74680.0,1
74430.0,1
72729.0,1
73170.0,1
74155.0,1
75710.0,1
75675.0,1
73480.0,1
75112.0,1
73450.0,1
75820.0,1
72710.0,1
74068.0,1
73315.0,1
72587.0,1
73049.0,1
75030.0,1
74367.0,1
72307.0,1
74640.0,1
75487.0,1
75840.0,1
75905.0,1
72775.0,1
74950.0,1
72828.0,1
72193.0,1
73688.0,1
74064.0,1
73885.0,1
75615.0,1
73887.0,1
75179.0,1
74230.0,1
76500.0,50
76850.0,29
76080.0,24
76220.0,24
76800.0,16
76000.0,16
76833.0,16
76650.0,15
76222.0,14
76808.0,14
76178.0,13
76030.0,13
76187.0,12
76750.0,12
76047.0,12
76158.0,12
76700.0,11
76806.0,11
76040.0,11
76138.0,11
76900.0,11
76805.0,10
76024.0,9
76020.0,9
76010.0,9
76340.0,9
76113.0,9
76140.0,9
76901.0,8
76175.0,8
76130.0,8
76060.0,8
76180.0,8
76110.0,7
76116.0,7
76086.0,7
76903.0,6
76902.0,6
76176.0,5
76099.0,5
76069.0,5
76074.0,5
76070.0,5
76148.0,5
76125.0,4
76230.0,4
76190.0,4
76160.0,4
76050.0,4
76079.0,4
76209.0,3
76906.0,3
76270.0,3
76807.0,3
76240.0,3
76100.0,3
76168.0,3
76090.0,3
76169.0,3
76039.0,3
76146.0,3
76177.0,3
76904.0,3
76280.0,3
76400.0,2
76600.0,2
76166.0,2
76150.0,2
76246.0,2
76660.0,2
76380.0,2
76267.0,2
76147.0,2
76170.0,2
76840.0,2
7600.0,2
76269.0,2
76226.0,2
76908.0,1
76144.0,1
76118.0,1
76120.0,1
76786.0,1
76300.0,1
76136.0,1
76801.0,1
76028.0,1
76117.0,1
76127.0,1
76837.0,1
76804.0,1
76048.0,1
76259.0,1
76185.0,1
76907.0,1
76950.0,1
76957.0,1
76970.0,1
76983.0,1
76980.0,1
76925.0,1
76936.0,1
76926.0,1
76814.0,1
76847.0,1
76895.0,1
76288.0,1
76225.0,1
76200.0,1
76228.0,1
76224.0,1
76210.0,1
76250.0,1
76248.0,1
76242.0,1
76260.0,1
76249.0,1
76085.0,1
76265.0,1
76795.0,1
76179.0,1
76114.0,1
76235.0,1
76820.0,1
7624.0,1
76157.0,1
76470.0,1
76680.0,1
76550.0,1
76480.0,1
76530.0,1
76450.0,1
76603.0,1
76707.0,1
76821.0,1
76720.0,1
76890.0,1
76410.0,1
76420.0,1
76440.0,1
76417.0,1
76436.0,1
76310.0,1
76330.0,1
76392.0,1
76316.0,1
76360.0,1
76379.0,1
76393.0,1
76395.0,1
76399.0,1
76368.0,1
76317.0,1
76372.0,1
76390.0,1
76324.0,1
76309.0,1
76337.0,1
76346.0,1
76319.0,1
76357.0,1
76350.0,1
76347.0,1
763400.0,1
76670.0,1
76508.0,1
76694.0,1
76540.0,1
76471.0,1
76486.0,1
76505.0,1
76637.0,1
76640.0,1
76534.0,1
76529.0,1
76520.0,1
76536.0,1
76460.0,1
76489.0,1
76495.0,1
76485.0,1
76630.0,1
76490.0,1
76493.0,1
76605.0,1
76671.0,1
77533.0,7
77503.0,7
77600.0,6
77519.0,4
77516.0,3
77512.0,2
77500.0,2
77712.0,1
7777771100.0,1
7777550099.0,1
77509.0,1
77524.0,1
77728.0,1
77000.0,1
77010.0,1
77026.0,1
77035.0,1
77019.0,1
77086.0,1
77027.0,1
77036.0,1
77030.0,1
77013.0,1
77960.0,1
77038.0,1
77025.0,1
77034.0,1
77083.0,1
77710.0,1
77675.0,1
4560.0,9
78250.0,4
79402.0,4
78233.0,4
78700.0,3
78421.0,3
78738.0,3
78320.0,3
78399.0,3
78384.0,3
78270.0,3
78143.0,2
78117.0,2
79932.0,2
78170.0,2
78269.0,2
79300.0,2
79000.0,2
79050.0,2
78364.0,2
78280.0,2
78436.0,2
78394.0,2
7900.0,2
78870.0,1
78920.0,1
79900.0,1
78600.0,1
78438.0,1
78258.0,1
78000.0,1
78350.0,1
78310.0,1
79930.0,1
78422.0,1
78435.0,1
78153.0,1
78900.0,1
78520.0,1
78430.0,1
78500.0,1
78295.0,1
78450.0,1
79500.0,1
79440.0,1
79400.0,1
79080.0,1
78110.0,1
79610.0,1
78200.0,1
78390.0,1
78220.0,1
78219.0,1
78230.0,1
78359.0,1
78216.0,1
78049.0,1
78140.0,1
78433.0,1
78214.0,1
84920.0,46
84359.0,37
84200.0,27
84259.0,24
84260.0,23
84267.0,17
84210.0,16
84270.0,16
84220.0,14
84330.0,14
84269.0,14
84230.0,13
85760.0,13
85266.0,12
83750.0,11
84940.0,10
85294.0,9
83905.0,9
83900.0,9
83600.0,9
83970.0,9
83624.0,8
85000.0,8
85160.0,8
85210.0,8
85001.0,7
85120.0,7
85100.0,7
85140.0,7
85096.0,7
85013.0,6
85030.0,6
85070.0,5
85180.0,5
85010.0,5
85150.0,5
85130.0,5
85110.0,5
85200.0,5
85080.0,5
85139.0,5
85197.0,5
85060.0,5
85219.0,5
85098.0,5
85170.0,4
85050.0,4
85090.0,4
85056.0,4
85190.0,4
85136.0,4
85204.0,4
85203.0,3
85207.0,3
85510.0,3
85134.0,3
84624.0,3
84620.0,3
84623.0,3
85820.0,3
85300.0,3
85330.0,3
85525.0,3
85280.0,3
85281.0,3
83570.0,3
83571.0,3
85400.0,3
85465.0,3
85506.0,3
85440.0,3
85430.0,3
85424.0,3
85456.0,3
85420.0,3
85512.0,3
83148.0,3
83190.0,3
83180.0,3
83000.0,3
83294.0,3
83174.0,3
83280.0,2
83117.0,2
83150.0,2
83296.0,2
83288.0,2
83177.0,2
83240.0,2
83290.0,2
83224.0,2
83244.0,2
83250.0,2
83170.0,2
83116.0,2
83260.0,2
83126.0,2
83140.0,2
83205.0,2
83200.0,2
83138.0,2
83100.0,2
83127.0,2
83106.0,2
83270.0,2
83349.0,2
83120.0,2
83104.0,2
83115.0,2
83118.0,2
83287.0,2
83179.0,2
831380.0,2
83130.0,2
83295.0,2
83249.0,2
83159.0,2
83157.0,2
83156.0,2
83139.0,1
83129.0,1
83293.0,1
83248.0,1
83110.0,1
83289.0,1
83040.0,1
83105.0,1
83243.0,1
83305.0,1
83210.0,1
83230.0,1
83145.0,1
83340.0,1
83345.0,1
83147.0,1
83131.0,1
85900.0,1
85913.0,1
85950.0,1
84120.0,1
84160.0,1
84560.0,1
84180.0,1
84340.0,1
85890.0,1
85800.0,1
85870.0,1
85830.0,1
85880.0,1
85860.0,1
85850.0,1
85840.0,1
84048.0,1
84000.0,1
84035.0,1
84030.0,1
84092.0,1
84066.0,1
84090.0,1
84063.0,1
84064.0,1
84055.0,1
84094.0,1
84009.0,1
84060.0,1
84020.0,1
84065.0,1
84080.0,1
84070.0,1
84085.0,1
84074.0,1
84068.0,1
84010.0,1
83550.0,1
83553.0,1
83153.0,1
85600.0,1
85515.0,1
83448.0,1
83447.0,1
83449.0,1
83400.0,1
83499.0,1
83540.0,1
83458.0,1
83450.0,1
83439.0,1
83440.0,1
83500.0,1
83430.0,1
83420.0,1
83489.0,1
83496.0,1
83459.0,1
83488.0,1
84600.0,1
84900.0,1
86930.0,57
86935.0,40
86500.0,34
86460.0,27
86400.0,27
86532.0,20
86553.0,19
86597.0,19
86480.0,19
86761.0,18
86750.0,16
86751.0,14
86150.0,14
86000.0,12
86100.0,11
86040.0,11
86080.0,10
86153.0,10
86039.0,9
86020.0,9
86030.0,9
86190.0,9
86170.0,9
86090.0,8
86280.0,8
86288.0,8
86029.0,7
86070.0,7
86284.0,6
86127.0,6
86035.0,6
86050.0,5
86250.0,5
86103.0,5
86060.0,5
86098.0,5
86010.0,5
86180.0,5
86140.0,5
86038.0,4
86015.0,4
86126.0,3
86019.0,3
86143.0,3
86291.0,3
86052.0,3
86270.0,3
0.0,3
86068.0,3
86220.0,3
86027.0,2
86069.0,2
86137.0,2
86061.0,2
86323.0,2
86300.0,2
86350.0,2
86389.0,2
86650.0,2
86320.0,2
86660.0,2
86340.0,2
86670.0,2
86640.0,2
86622.0,2
86380.0,2
86370.0,2
86369.0,2
86357.0,2
86335.0,2
86690.0,2
86680.0,2
86998.0,1
86997.0,1
86990.0,1
86992.0,1
86983.0,1
86418.0,1
86440.0,1
86410.0,1
86417.0,1
86850.0,1
86200.0,1
86781.0,1
86780.0,1
86700.0,1
86706.0,1
86726.0,1
86721.0,1
86720.0,1
86725.0,1
86711.0,1
86722.0,1
86247.0,1
86245.0,1
86246.0,1
86600.0,1
86607.0,1
86605.0,1
86608.0,1
86870.0,1
86890.0,1
86800.0,1
86900.0,1
86901.0,1
86903.0,1
87000.0,66
87020.0,34
87024.0,26
87025.0,25
87050.0,24
87018.0,23
87040.0,17
87100.0,17
87027.0,17
87070.0,16
87880.0,15
87149.0,15
87078.0,14
87049.0,14
87200.0,12
87029.0,12
87030.0,12
87099.0,11
87090.0,10
87130.0,10
87089.0,10
87086.0,9
87120.0,9
87060.0,9
87087.0,9
87048.0,9
87080.0,8
87800.0,8
87058.0,8
89337.0,7
89130.0,7
89000.0,7
89110.0,7
89510.0,7
89464.0,7
89480.0,7
89440.0,6
89400.0,6
89410.0,6
89420.0,6
89365.0,6
89108.0,6
89120.0,5
89364.0,5
89350.0,5
89190.0,5
89344.0,5
89316.0,5
89109.0,5
89250.0,5
89240.0,5
89490.0,5
89260.0,5
89470.0,5
89450.0,5
89220.0,5
89348.0,5
89170.0,5
89100.0,4
89318.0,4
89460.0,4
89360.0,4
89368.0,4
89330.0,4
89150.0,4
89137.0,4
89119.0,4
89519.0,4
89310.0,4
89336.0,4
89359.0,4
89580.0,4
89309.0,3
89430.0,3
89570.0,3
89160.0,3
89140.0,3
89367.0,3
89060.0,3
89177.0,3
89340.0,3
89540.0,3
89515.0,3
83250.0,3
89280.0,3
89329.0,3
89290.0,3
89139.0,3
89349.0,3
89366.0,3
87395.0,3
87300.0,3
87380.0,3
87350.0,3
87453.0,3
87345.0,3
87386.0,3
87360.0,3
87330.0,3
87370.0,3
87500.0,3
87450.0,3
87390.0,3
87444.0,2
87560.0,2
87410.0,2
87430.0,2
87314.0,2
87325.0,2
87344.0,2
87320.0,2
87398.0,2
87368.0,2
87415.0,2
87420.0,2
87313.0,2
87440.0,2
87396.0,2
87551.0,2
87454.0,2
87385.0,2
87456.0,2
87448.0,2
87319.0,2
87447.0,2
88500.0,2
88796.0,2
88560.0,2
88630.0,2
88799.0,2
88740.0,2
88715.0,2
88710.0,2
88719.0,2
88784.0,2
88790.0,2
88653.0,2
88746.0,2
88680.0,2
88760.0,2
88736.0,2
88670.0,2
88733.0,2
88747.0,2
88795.0,2
88797.0,2
88735.0,2
88610.0,2
88794.0,2
88703.0,2
88690.0,2
88620.0,2
88720.0,2
88700.0,2
88776.0,1
88786.0,1
88730.0,1
88520.0,1
88791.0,1
88750.0,1
88550.0,1
88699.0,1
88660.0,1
88615.0,1
88650.0,1
88684.0,1
88580.0,1
88501.0,1
88780.0,1
88727.0,1
88785.0,1
88000.0,1
88600.0,1
88160.0,1
88209.0,1
88280.0,1
88070.0,1
88260.0,1
88030.0,1
88290.0,1
88759.0,1
88240.0,1
88040.0,1
88120.0,1
88200.0,1
8800.0,1
88275.0,1
88177.0,1
88259.0,1
88150.0,1
88190.0,1
88296.0,1
88184.0,1
88170.0,1
88187.0,1
88278.0,1
88284.0,1
88285.0,1
88179.0,1
88277.0,1
88195.0,1
89800.0,1
89750.0,1
89867.0,1
89860.0,1
89858.0,1
89950.0,1
89865.0,1
89829.0,1
89840.0,1
89880.0,1
89955.0,1
87980.0,1
89869.0,1
89898.0,1
89960.0,1
87600.0,1
88890.0,1
87605.0,1
87900.0,1
87930.0,1
88440.0,1
88400.0,1
88390.0,1
88300.0,1
88442.0,1
88306.0,1
83306.0,1
83304.0,1
88810.0,1
88900.0,1
88920.0,1
88940.0,1
88910.0,1
88930.0,1
88950.0,1
87510.0,1
87670.0,1
87799.0,1
87780.0,1
87768.0,1
87730.0,1
87760.0,1
87700.0,1
89706.0,1
89600.0,1
89670.0,1
89605.0,1
89603.0,1
89607.0,1
89602.0,1
89604.0,1
89606.0,1
89609.0,1
89710.0,1
89608.0,1
89637.0,1
89700.0,1
89732.0,1
90300.0,24
90500.0,24
90000.0,16
90796.0,11
90170.0,10
90200.0,10
90740.0,8
90570.0,7
90250.0,4
90160.0,3
90970.0,3
90730.0,3
90840.0,2
90120.0,2
90100.0,2
90640.0,2
90540.0,2
90280.0,2
90800.0,2
90770.0,2
90670.0,2
90710.0,2
90580.0,1
90850.0,1
90731.0,1
90010.0,1
90460.0,1
90606.0,1
90337.0,1
90729.0,1
90491.0,1
90810.0,1
90355.0,1
90205.0,1
90600.0,1
90780.0,1
90590.0,1
90610.0,1
90207.0,1
90199.0,1
90450.0,1
90070.0,1
90110.0,1
90014.0,1
90930.0,1
90105.0,1
90338.0,1
90669.0,1
90356.0,1
90920.0,1
90806.0,1
98500.0,52
98507.0,46
98510.0,29
98600.0,28
98660.0,28
98064.0,24
98615.0,20
98608.0,19
98609.0,19
98630.0,17
98618.0,16
98620.0,16
98650.0,16
98100.0,15
98612.0,15
98050.0,13
98607.0,12
98605.0,12
98048.0,12
98140.0,10
98000.0,10
9800.0,9
98658.0,9
98613.0,9
98610.0,7
98621.0,7
98619.0,7
98080.0,7
98101.0,7
98180.0,7
98040.0,6
98540.0,6
98150.0,6
98160.0,6
98066.0,6
98097.0,6
98085.0,6
98087.0,5
98060.0,5
98099.0,5
98046.0,5
98024.0,5
98640.0,5
98680.0,5
98730.0,4
98750.0,4
98740.0,4
98800.0,4
98830.0,4
98832.0,4
98815.0,4
98809.0,3
98938.0,3
98808.0,3
98770.0,3
98772.0,3
98880.0,3
98890.0,3
98700.0,3
98710.0,3
98690.0,3
98705.0,3
98920.0,3
98960.0,3
98969.0,3
98951.0,3
98979.0,3
98959.0,3
98941.0,3
47540.0,3
98961.0,2
98900.0,2
98840.0,2
98870.0,2
98810.0,2
98980.0,2
98990.0,2
99260.0,2
99000.0,2
99100.0,2
92600.0,2
99050.0,2
99085.0,2
99199.0,2
99059.0,2
99070.0,2
99150.0,2
99033.0,2
99020.0,2
99030.0,2
99080.0,2
99200.0,2
99159.0,2
99180.0,2
99054.0,2
99160.0,2
99170.0,2
99190.0,1
98560.0,1
99280.0,1
99130.0,1
99141.0,1
99110.0,1
98696.0,1
99102.0,1
99128.0,1
99109.0,1
99210.0,1
99250.0,1
99251.0,1
98480.0,1
98350.0,1
98850.0,1
98300.0,1
98330.0,1
98340.0,1
98400.0,1
98410.0,1
98420.0,1
98422.0,1
99940.0,1
99949.0,1
99930.0,1
99590.0,1
99670.0,1
99600.0,1
99601.0,1
99620.0,1
99960.0,1
99969.0,1
99860.0,1
99980.0,1
99989.0,1
99998.0,1
99900.0,1
99918.0,1
99919.0,1
99904.0,1
99630.0,1
99631.0,1
99650.0,1
99500.0,1
99560.0,1
99550.0,1
99520.0,1
99510.0,1
99730.0,1
99800.0,1
99780.0,1
99720.0,1
99781.0,1
99830.0,1
99300.0,1
99340.0,1
99390.0,1
99490.0,1
99370.0,1
99320.0,1
99440.0,1
99458.0,1
99400.0,1
99430.0,1
99420.0,1
99403.0,1
99410.0,1
99480.0,1
99750.0,1
99770.0,1
99570.0,1
99580.0,1
99806.0,1
99810.0,1
99814.0,1
99700.0,1
99809.0,1
98200.0,1
98205.0,1
98211.0,1
98210.0,1
98238.0,1
98240.0,1
98230.0,1
98270.0,1
98280.0,1
98250.0,1
98220.0,1
98290.0,1
98470.0,1
98430.0,1
98440.0,1
98460.0,1
98471.0,1
